name,status,filename,commit,script,args_script
AI,e90,7a030b9c8b8e44abac32bce373ebda80,,,
AwyI,e90,4e4aa57051ad4e68ba2efecf814767da,,,
AwyI_mod,e90,c208c29a10d34f38bfa764448ba628bd,,,
AzhI,e90,76cbe38828754af9a91d5a9f212d6fd7,,,
AzhwyI,e90,f76fd254b8714d8da465b6636fa4f99a,,,
AzhwyI_mod,e90,36c3336055ef4edb9cb741d0526455df,,,
R18C,e300,f6da35fdc2754b019d896fee6e3aa23d,,,
R18wyC,e300,b85585ecb1b74d96ada187b795e60368,,,
R18wyC_mod,e300,019298cef7c04c8d97c039ed26559c55,,,
R18zhf3C,e300,4725978b713f47feb112efb082e0601c,,,
R18zhf3wyC,e300,c1d6be99d96a4c1eadeeb78c474d2abb,,,
R18zhf3wyC_mod,e300,b93d348aed0d43898455c3dde9dd1623,,,
R18zof3C,e300,f067553ad28c4884b44f54213f06f748,,,
R18zof3wyC,e300,1bf6343334764202b3591904c434e385,,,
R18zof3wyC_mod,e300,c2466439830c462cb1d9af03f541561f,,,
R34C,e300,363e750af51c452f98e5dcbb40628e4f,,,
R34wyC,e300,4cced63f858a4d358a7447255e18d0d9,,,
R34wyC_mod,e300,2dbd59b3799d4dca9885f014c1ed6376,,,
R34zhf3C,e300,d5fb54b8f4704cb59543cf16ae01d993,,,
R34zhf3wyC,e300,8275d58facd34f8d86513ecf8ec539f3,,,
R34zhf3wyC_mod,e300,f04ba8fe2f1641c3ad1c4f28a911824c,,,
R34zof3C,e300,30a65b9f7a3540bab5dead5e6f5d051b,,,
R34zof3wyC,e300,6568fd7c898341ceba808f5af07419e2,,,
R34zof3wyC_mod,e300,3ac7f11c98184081bb3b93bdf552c662,,,
RI,e90,58870caa1c64450ea88716e52ef0948f,,,
RwyI,e90,cdb4a8090eb34379875912892a6b4dda,,,
RwyI_mod,e90,6101dfb1bb9649e9b0ad5e080d8b653b,,,
RzhI,e90,49e761332c6a49e6a547dfeafa1578e5,,,
RzhwyI,e90,6d53f760707b4d5bbd07e2c395f22004,,,
RzhwyI_mod,e90,3a7bd4a1daa44a3a82d120b91943868e,,,
Rzof3I,e90,52e494f61c2c4609972d7d3c9b95db8a,,,
Rzof3wyI,e90,434f7816388a4ec0a970f9ee4918835b,,,
Rzof3wyI_mod,e90,cdaca6f1322243df87463ee9264c86c0,,,
